id	conversation_id	created_at	date	time	timezone	user_id	username	name	place	tweet	language	mentions	urls	photos	replies_count	retweets_count	likes_count	hashtags	cashtags	link	retweet	quote_url	video	thumbnail	near	geo	source	user_rt_id	user_rt	retweet_id	reply_to	retweet_date	translate	trans_src	trans_dest
1648744580068540441	1648744580068540441	2023-04-19 13:45:14 EDT	2023-04-19	13:45:14	-0400	2528727363	thierry_warin	Thierry Warin		Science des #donn√©es au f√©minin en #Afrique: le cours 1 sur les fondamentaux de R est termin√©!  üë®‚Äçüéì  Prochain cours pour la cohorte: Statistiques avec R!  üñ•  On apprend la science des donn√©es et la programmation en fran√ßais . Un‚Ä¶ https://t.co/yAjgyuGUxA  https://t.co/vFfgA40vbH	fr	[]	['https://lnkd.in/eiqd-RMg', 'https://sdafrique.org/']	[]	0	0	0	['donn√©es', 'afrique']	[]	https://twitter.com/thierry_warin/status/1648744580068540441	False		0								[]				
1637658085668839430	1637658085668839430	2023-03-19 23:31:28 EDT	2023-03-19	23:31:28	-0400	2528727363	thierry_warin	Thierry Warin		Plusieurs invit√©s ont fait des entrevues en direct sur la Cha√Æne Twitch durant toute la comp√©tition Futures World Championship qui s‚Äôest d√©roul√©e √† HEC Montr√©al le 17 mars 2023.   De nombreux sujets ont √©t√© abord√©s: #innovation  #√©ducation #simulations #j‚Ä¶ https://t.co/E33APgG3H0	fr	[]	['https://lnkd.in/eARWuauj']	[]	0	0	2	['innovation', '√©ducation', 'simulations', 'j']	[]	https://twitter.com/thierry_warin/status/1637658085668839430	False		0								[]				
1637630918587305984	1637630918587305984	2023-03-19 21:43:31 EDT	2023-03-19	21:43:31	-0400	2528727363	thierry_warin	Thierry Warin		Un immense merci √† toute mon √©quipe pour l‚Äôorganisation de la 1√®re comp√©tition e-sport Futures World Championship √† HEC Montr√©al powered by quantum simulations !   Je suis tr√®s fier de vous et humble de la confiance que vous m‚Äôavez accord√©e en me suivant‚Ä¶ https://t.co/B7GQoo6gGR	fr	[]	['https://lnkd.in/eycrppiH']	[]	0	0	2	[]	[]	https://twitter.com/thierry_warin/status/1637630918587305984	False		0								[]				
1637626944475856896	1637626944475856896	2023-03-19 21:27:43 EDT	2023-03-19	21:27:43	-0400	2528727363	thierry_warin	Thierry Warin		Bravo √† toutes les √©quipes qui ont particip√© sur place √† HEC Montr√©al √† la 1√®re comp√©tition Futures World Championship !!   Une ambiance exceptionnelle, des √©quipes motiv√©es , g√©n√©reuses! Une tr√®s belle comp√©tition e-sport !!  En un seul mot : MERCI!!  https://t.co/Kp2tdjGYOR	fr	[]	['https://lnkd.in/esuDf9v3']	[]	0	0	1	[]	[]	https://twitter.com/thierry_warin/status/1637626944475856896	False		0								[]				
1637583989421613057	1637583989421613057	2023-03-19 18:37:02 EDT	2023-03-19	18:37:02	-0400	2528727363	thierry_warin	Thierry Warin		Congratulations to the winning teams of the 1st e-sport Futures World Championship at HEC Montr√©al (17 March 2023) powered by quantum simulations   38 #Teams   11 #Countries : SOUTH AFRICA | BENIN | BRAZIL |CANADA |COLOMBIA | UNITED STATES | FRANCE | HAIT‚Ä¶ https://t.co/BEBE9NDr3g	en	[]	['https://lnkd.in/e4ap56kf']	[]	0	0	1	['teams', 'countries']	[]	https://twitter.com/thierry_warin/status/1637583989421613057	False		0								[]				
1637544805591924737	1637544805591924737	2023-03-19 16:01:20 EDT	2023-03-19	16:01:20	-0400	2528727363	thierry_warin	Thierry Warin		The 1st Futures World Championship e-sport competition was a success! Congratulations to all the participants from all over the world! Congratulations to the 3 winning teams! A big thank you to the partners and speakers! ¬† üåë38 participating teams !!  üåë1‚Ä¶ https://t.co/GyF2YQ2AS6	en	[]	['https://lnkd.in/euAD6Gkc']	[]	0	0	2	[]	[]	https://twitter.com/thierry_warin/status/1637544805591924737	False		0								[]				
1637539728353382401	1637539728353382401	2023-03-19 15:41:09 EDT	2023-03-19	15:41:09	-0400	2528727363	thierry_warin	Thierry Warin		La 1√®re Comp√©tition de e-sport Futures World Championship (FWC) a √©t√© un succ√®s !! Bravo aux participants de partout dans le monde ! Bravo aux 3 √©quipes gagnantes! Un grand merci aux partenaires et aux conf√©renciers ! ¬† üåë 38 √©quipes participantes   üåë 11‚Ä¶ https://t.co/f5XP3MDNZF	fr	[]	['https://lnkd.in/eYvrbU7c']	[]	0	1	1	[]	[]	https://twitter.com/thierry_warin/status/1637539728353382401	False		0								[]				
1634662686058315776	1634662686058315776	2023-03-11 16:08:49 EST	2023-03-11	16:08:49	-0400	2528727363	thierry_warin	Thierry Warin		Science des #donn√©es au f√©minin en #Afrique c‚Äôest parti!!!   On apprend la science des donn√©es et la programmation en fran√ßais. Un programme exp√©rientielle qui s‚Äô√©tend jusqu‚Äôau 16 octobre.   Une superbe cohorte, des √©tudiantes ultra-motiv√©es, une √©quipe d‚Ä¶ https://t.co/ceUgpMwwno	fr	[]	['https://lnkd.in/eKpVY-By']	[]	0	0	2	['donn√©es', 'afrique']	[]	https://twitter.com/thierry_warin/status/1634662686058315776	False		0								[]				
1633263923708432384	1633263923708432384	2023-03-07 19:30:38 EST	2023-03-07	19:30:38	-0400	2528727363	thierry_warin	Thierry Warin		La comp√©tition approche!! 17 mars de 9h √† 15h √† HEC Montr√©al. Il est encore temps de vous inscrire üëâ https://t.co/I70fFxazdu  https://t.co/sJP87PcpdI	fr	[]	['https://lnkd.in/gre6daCw', 'https://lnkd.in/gpsVe-Uj']	[]	0	0	0	[]	[]	https://twitter.com/thierry_warin/status/1633263923708432384	False		0								[]				
1632112124121198592	1632112124121198592	2023-03-04 15:13:48 EST	2023-03-04	15:13:48	-0400	2528727363	thierry_warin	Thierry Warin		Great opportunity!  https://t.co/lqMkzTy6Me	en	[]	['https://lnkd.in/g-CSQhP8']	[]	0	0	1	[]	[]	https://twitter.com/thierry_warin/status/1632112124121198592	False		0								[]				
1631796984494583811	1631796984494583811	2023-03-03 18:21:33 EST	2023-03-03	18:21:33	-0400	2528727363	thierry_warin	Thierry Warin		Using social media and data science to analyze critical social issues. Thanks Aleksandar Stojkov  https://t.co/51l4Zut8sV	en	[]	['https://lnkd.in/gYpuwsyx']	[]	0	0	0	[]	[]	https://twitter.com/thierry_warin/status/1631796984494583811	False		0								[]				
1631488230670446594	1631488230670446594	2023-03-02 21:54:40 EST	2023-03-02	21:54:40	-0400	2528727363	thierry_warin	Thierry Warin		Thank you R Consortium Posit PBC Joseph Rickert Agueda Chavez Gama JJ Allaire @hadleywickham  https://t.co/OF43XZMkWu	en	[{'screen_name': 'hadleywickham', 'name': 'hadley wickham', 'id': '69133574'}]	['https://lnkd.in/e6ynj-PZ']	[]	0	0	0	[]	[]	https://twitter.com/thierry_warin/status/1631488230670446594	False		0								[]				
1629556815133327360	1629556815133327360	2023-02-25 13:59:55 EST	2023-02-25	13:59:55	-0400	2528727363	thierry_warin	Thierry Warin		HEC Montr√©al Futures World Championship March 17th 2023 from 9:00 AM to 3:00 PM (ET)  üéÆFirst e-sport Global Competition based on a Serious Game  üåé Braving The World Challenges, manage a virtual global company and immerse yourself back into the real worl‚Ä¶ https://t.co/8NgZZIMz4x	en	[]	['https://lnkd.in/e_Dq6SvB']	[]	0	0	1	[]	[]	https://twitter.com/thierry_warin/status/1629556815133327360	False		0								[]				
1629171826625486849	1629171826625486849	2023-02-24 12:30:06 EST	2023-02-24	12:30:06	-0400	2528727363	thierry_warin	Thierry Warin		Register ASAP as the number of seats is limited! Thanks! It will be live on #twitch ! Up to CAN$600 gift card prizes per team and a certificate!  https://t.co/whiRJ9w3Ns	en	[]	['https://lnkd.in/ee4YNftm']	[]	0	0	0	['twitch']	[]	https://twitter.com/thierry_warin/status/1629171826625486849	False		0								[]				
1628925497844310016	1628925497844310016	2023-02-23 20:11:17 EST	2023-02-23	20:11:17	-0400	2528727363	thierry_warin	Thierry Warin		Please join us!  https://t.co/3OP0WYbgmA	en	[]	['https://lnkd.in/eExsKmjN']	[]	0	0	0	[]	[]	https://twitter.com/thierry_warin/status/1628925497844310016	False		0								[]				
1624784835133726723	1624784835133726723	2023-02-12 09:57:46 EST	2023-02-12	09:57:46	-0400	2528727363	thierry_warin	Thierry Warin		Science des donn√©es au f√©minin en Afrique  ‚ö†Ô∏èLa date limite d‚Äôinscription approche!! Merci de faire circuler dans vos r√©seaux en Afrique   Cette nouvelle activit√© est lanc√©e par la chercheure Bancole Bernice, PhD et moi-m√™me.   üîπObjectif: former une coho‚Ä¶ https://t.co/gAblhMNuBg	fr	[]	['https://lnkd.in/exrMxzR2']	[]	0	0	0	[]	[]	https://twitter.com/thierry_warin/status/1624784835133726723	False		0								[]				
1624201295191060482	1624201295191060482	2023-02-10 19:18:59 EST	2023-02-10	19:18:59	-0400	2528727363	thierry_warin	Thierry Warin		Very happy to have presented at the Canadian Rheumatology Association Annual Conference first results on our research project leveraging machine learning applied to the unique Rhumadata database compiled by Dr Denis Choquette and Team for the past 25 year‚Ä¶ https://t.co/RfKC3hW0Mq	en	[]	['https://lnkd.in/ep5S4xkH']	[]	0	0	0	[]	[]	https://twitter.com/thierry_warin/status/1624201295191060482	False		0								[]				
1623348497402544128	1623348497402544128	2023-02-08 10:50:16 EST	2023-02-08	10:50:16	-0400	2528727363	thierry_warin	Thierry Warin		"[Programme de Science des donn√©es] ""Science des donn√©es au f√©minin en Afrique"" est une nouvelle activit√© lanc√©e par la chercheure Bancole Bernice, PhD et moi-m√™me.  Objectif: former une cohorte d'une centaine d'√©tudiantes francopho‚Ä¶ https://t.co/LqdNdxL0Mk  https://t.co/vFfgA40vbH"	fr	[]	['https://lnkd.in/ebHXY5_G', 'https://sdafrique.org/']	[]	0	0	1	[]	[]	https://twitter.com/thierry_warin/status/1623348497402544128	False		0								[]				
1623333000338448385	1623333000338448385	2023-02-08 09:48:42 EST	2023-02-08	09:48:42	-0400	2528727363	thierry_warin	Thierry Warin		Le Club de Science des donn√©es √† HEC Montr√©al, une id√©e un peu folle que j'ai lanc√©e il y a environ 7 ans, avec le soutien de pionni√®res et pionniers  Marine Leroi Charlotte Vorreuther Paul Daigle, etc.  Cette ann√©e encore, l'√©quip‚Ä¶ https://t.co/n9Vg6Xeq3w  https://t.co/uNgnVhRklD	fr	[]	['https://lnkd.in/e_cxFnig', 'https://lnkd.in/eJptfNYW']	[]	0	0	1	[]	[]	https://twitter.com/thierry_warin/status/1623333000338448385	False		0								[]				
1619760702859759617	1619760702859759617	2023-01-29 13:13:39 EST	2023-01-29	13:13:39	-0400	2528727363	thierry_warin	Thierry Warin		Bienvenue aux Portes ouvertes HEC Montr√©al , tr√®s heureux de repr√©senter la MSc en Affaires internationales (#2 en Am√©rique fu Nord)!!! Merci √† toute l‚Äô√©quipe de la MSc!!!!   Jehanne Almerigogna @mariannedemoura et toute l‚Äô√©quipe administrative!!!  https://t.co/pddoSZ9vfn	fr	[]	['https://lnkd.in/eRNv8_gc']	[]	0	0	0	[]	[]	https://twitter.com/thierry_warin/status/1619760702859759617	False		0								[]				
1613314686975447045	1613314686975447045	2023-01-11 18:19:29 EST	2023-01-11	18:19:29	-0400	2528727363	thierry_warin	Thierry Warin		Pour mes √©tudiant.e.s  https://t.co/LyV8UxTQvl	fr	[]	['https://lnkd.in/eQrWaJwX']	[]	0	0	0	[]	[]	https://twitter.com/thierry_warin/status/1613314686975447045	False		0								[]				
1613264450232152065	1613264450232152065	2023-01-11 14:59:52 EST	2023-01-11	14:59:52	-0400	2528727363	thierry_warin	Thierry Warin		Please help us for this academic research by answering a short questionnaire, thanks a ton, it is very much appreciated!  https://t.co/fpPVei15N4	en	[]	['https://lnkd.in/getMT64R']	[]	0	0	0	[]	[]	https://twitter.com/thierry_warin/status/1613264450232152065	False		0								[]				
1613263947549003776	1613263947549003776	2023-01-11 14:57:52 EST	2023-01-11	14:57:52	-0400	2528727363	thierry_warin	Thierry Warin		Merci de r√©pondre √† ce questionnaire anonyme en quelques minutes pour une √©tude scientifique, c'est tr√®s appr√©ci√©!  https://t.co/rdbBgappV6	fr	[]	['https://lnkd.in/ghzDXRra']	[]	0	0	1	[]	[]	https://twitter.com/thierry_warin/status/1613263947549003776	False		0								[]				
1611777468771221505	1611777468771221505	2023-01-07 12:31:08 EST	2023-01-07	12:31:08	-0400	2528727363	thierry_warin	Thierry Warin		Very happy to have met Professor Phanindra Wunnava, my dear colleague, friend and co-author from Middlebury College at #ASSA2023 in New Orleans. It brings back very fond memories. Check his latest book.  #JOE2001 #EconDpt David Colander Sunder Ramaswamy‚Ä¶ https://t.co/hCU23SpOPX	en	[]	['https://lnkd.in/e4MmGztz']	[]	0	0	1	['assa2023', 'joe2001', 'econdpt']	[]	https://twitter.com/thierry_warin/status/1611777468771221505	False		0								[]				
1611381790828109827	1611381790828109827	2023-01-06 10:18:51 EST	2023-01-06	10:18:51	-0400	2528727363	thierry_warin	Thierry Warin		If you're at #ASSA2023 in New Orleans today, check out the two sessions we organized with International Trade and Finance Association on #supplychain and #economicimpacts    Join us at Sheraton New Orleans, Grand Couteau for this panel at 12:30 PM (CST) o‚Ä¶ https://t.co/Da0pAj2MDj	en	[]	['https://lnkd.in/dJqxR6gq']	[]	0	2	5	['assa2023', 'supplychain', 'economicimpacts']	[]	https://twitter.com/thierry_warin/status/1611381790828109827	False		0								[]				
1611374930205057024	1611374930205057024	2023-01-06 09:51:35 EST	2023-01-06	09:51:35	-0400	2528727363	thierry_warin	Thierry Warin		If you're at #ASSA2023 in New Orleans today, check out these two sessions we organized with International Trade and Finance Association on #supplychain and #economicimpacts    Join us at Sheraton New Orleans, Orpheus for this first session at 10:15 AM (CS‚Ä¶ https://t.co/sdpfafySBv	en	[]	['https://lnkd.in/eyx_vgyQ']	[]	0	2	4	['assa2023', 'supplychain', 'economicimpacts']	[]	https://twitter.com/thierry_warin/status/1611374930205057024	False		0								[]				
1609948127989047296	1609948127989047296	2023-01-02 11:21:59 EST	2023-01-02	11:21:59	-0400	2528727363	thierry_warin	Thierry Warin		FYI #platformeconomy #digitaltransformation #globalinnovation #industrialorganization  https://t.co/60XfidmAZ3	und	[]	['https://lnkd.in/e8Dtvs4n']	[]	0	0	4	['platformeconomy', 'digitaltransformation', 'globalinnovation', 'industrialorganization']	[]	https://twitter.com/thierry_warin/status/1609948127989047296	False		0								[]				
1604897419132817409	1604897419132817409	2022-12-19 12:52:16 EST	2022-12-19	12:52:16	-0400	2528727363	thierry_warin	Thierry Warin		Deadline Feb 28th!  #trade #tradepolicy #digitaltrade #internationalfinance #tradetech #tradeclimatechange  https://t.co/6loHTqCkl1	en	[]	['https://lnkd.in/g-wpBCch']	[]	0	0	0	['trade', 'tradepolicy', 'digitaltrade', 'internationalfinance', 'tradetech', 'tradeclimatechange']	[]	https://twitter.com/thierry_warin/status/1604897419132817409	False		0								[]				
1603123939223506947	1603123939223506947	2022-12-14 15:25:06 EST	2022-12-14	15:25:06	-0400	2528727363	thierry_warin	Thierry Warin		Really incredible to meet again at Harvard Business School for the Microeconomics of Competitiveness Faculty Workshop created¬†by Professor Michael Porter and now celebrating its 20th anniversary. Thanks Christian Ketels Jorge Ramirez-Vallejo  Rich Bryden‚Ä¶ https://t.co/D2DlArwvzX	en	[]	['https://lnkd.in/eCG6Xaua']	[]	0	0	0	[]	[]	https://twitter.com/thierry_warin/status/1603123939223506947	False		0								[]				
1601166944060772354	1601166944060772354	2022-12-09 05:48:42 EST	2022-12-09	05:48:42	-0400	2528727363	thierry_warin	Thierry Warin		Ravi d'avoir repr√©sent√© le comit√© d'organisation et de pilotage du futur R√©seau francophone international sur le conseil scientifique aupr√®s du scientifique en chef R√©mi Quirion au Forum mondial de la science (Le Cap, Afrique du Sud).   Le r√©seau a pour m‚Ä¶ https://t.co/tKKIDCRljF	fr	[]	['https://lnkd.in/e8cjcfET']	[]	0	2	8	[]	[]	https://twitter.com/thierry_warin/status/1601166944060772354	False		0								[]				
1600823901063462915	1600823901063462915	2022-12-08 07:05:34 EST	2022-12-08	07:05:34	-0400	2528727363	thierry_warin	Thierry Warin		[Call for action] At the World Science Forum 2022, organizing a #datascience program for 100+ young women in STEM led by Bancole Bernice, PhD in Africa (Benin, South Africa, etc) for2023.  Any serious contribution is welcome, please DM Bancole Bernice, Ph‚Ä¶ https://t.co/eZIq0kwUSu	en	[]	['https://lnkd.in/eNuqtzGY']	[]	0	1	3	['datascience']	[]	https://twitter.com/thierry_warin/status/1600823901063462915	False		0								[]				
1600485722246598658	1600485722246598658	2022-12-07 08:41:46 EST	2022-12-07	08:41:46	-0400	2528727363	thierry_warin	Thierry Warin		The World Science Forum is hosted in South Africa in the beautiful city of Cape Town with the forthcoming important ‚ÄúDeclaration of Cape Town‚Äù about Science for Social Justice. Stay tuned.  # WSF2022  https://t.co/Awt2nLjzxD	en	[]	['https://lnkd.in/ePxVrPnq']	[]	0	0	0	[]	[]	https://twitter.com/thierry_warin/status/1600485722246598658	False		0								[]				
1598718981799804928	1598718981799804928	2022-12-02 11:41:22 EST	2022-12-02	11:41:22	-0400	2528727363	thierry_warin	Thierry Warin		Publication du rapport ¬´ Mieux comprendre le niveau d‚Äôadoption des cryptoactifs au Qu√©bec ¬ª¬†en collaboration avec¬†Robert Normand, directeur de projet CIRANO¬†et¬†@n_demarcellis, professeure titulaire √† Polytechnique Montr√©al, cherche‚Ä¶ https://t.co/smmFrTv7O5  https://t.co/hICXq4spjs	fr	[{'screen_name': 'n_demarcellis', 'name': 'n.de marcellis-warin', 'id': '2402056934'}]	['https://lnkd.in/g-3HNhgg', 'https://lnkd.in/eDbF2nrx']	[]	0	0	1	[]	[]	https://twitter.com/thierry_warin/status/1598718981799804928	False		0								[]				
1598471487941447680	1598471487941447680	2022-12-01 19:17:55 EST	2022-12-01	19:17:55	-0400	2528727363	thierry_warin	Thierry Warin		Pour mes √©tudiant(e)s  https://t.co/92O8jtpE1U	fr	[]	['https://lnkd.in/eRyURt9T']	[]	0	0	0	[]	[]	https://twitter.com/thierry_warin/status/1598471487941447680	False		0								[]				
1591982561668091904	1591982561668091904	2022-11-13 21:33:14 EST	2022-11-13	21:33:14	-0400	2528727363	thierry_warin	Thierry Warin		 https://t.co/9Q00npZRyb	zxx	[]	['https://lnkd.in/empEb3F4']	[]	0	0	1	[]	[]	https://twitter.com/thierry_warin/status/1591982561668091904	False		0								[]				
1590821409747607576	1590821409747607576	2022-11-10 16:39:14 EST	2022-11-10	16:39:14	-0400	2528727363	thierry_warin	Thierry Warin		Heureux d'avoir particip√© aux portes ouvertes cette fin de semaine pour parler de la  https://t.co/vqgpp848sX. et du Ph.D. √† HEC Montr√©al!  Merci √† toute la formidable √©quipe et en particulier Marianne de Moura, Jehanne Almerigogna, Maude Fournier  et le c‚Ä¶ https://t.co/dVcXKrhrz6	fr	[]	['http://M.Sc', 'https://lnkd.in/eYsHiZZ4']	[]	0	0	0	[]	[]	https://twitter.com/thierry_warin/status/1590821409747607576	False		0								[]				
1590757688908156934	1590757688908156934	2022-11-10 12:26:02 EST	2022-11-10	12:26:02	-0400	2528727363	thierry_warin	Thierry Warin		Getting closer to 200,000 scientific references (193,182 today) about all the coronaviruses in the EpiBibR package  Real-time data for coronaviruses research (updated daily on our servers)  Warin T Global Research on Coronaviruses:‚Ä¶ https://t.co/a6NXlHAY4U  https://t.co/ZngThLsBYf	en	[]	['https://lnkd.in/dbwM8wgq', 'https://lnkd.in/dzSDAmDh']	[]	0	1	2	[]	[]	https://twitter.com/thierry_warin/status/1590757688908156934	False		0								[]				
1578373888932823042	1578373888932823042	2022-10-07 09:17:14 EDT	2022-10-07	09:17:14	-0400	2528727363	thierry_warin	Thierry Warin		IA et agriculture: Excellente lecture en cette fin de semaine. Bravo Qu√©bec Science M√©lissa Guillemette #science #agriculture #sciencedesdonn√©es #ia HEC Montr√©al CIRANO  https://t.co/DFczOq3OYA	fr	[]	['https://lnkd.in/epzfJPtm']	[]	0	1	4	['science', 'agriculture', 'sciencedesdonn√©es', 'ia']	[]	https://twitter.com/thierry_warin/status/1578373888932823042	False		0								[]				
1569022813377380354	1569022813377380354	2022-09-11 13:59:24 EDT	2022-09-11	13:59:24	-0400	2528727363	thierry_warin	Thierry Warin		Ravis d‚Äôavoir revu l‚Äô√©quipe Team Ark√©a-Samsic  lors du Grand Prix Cycliste de Montr√©al #GPCQM. Bienvenue au Qu√©bec!   Bonne course √† Warren Barguil et √† toute l‚Äô√©quipe!   Hugo Warin Thomas Warin Jean-Pierre Doly Emmanuel Hubert Sebastien Hinault‚Ä¶ https://t.co/aUOrMMfYXi	fr	[]	['https://lnkd.in/e7b7bvXz']	[]	0	0	0	['gpcqm']	[]	https://twitter.com/thierry_warin/status/1569022813377380354	False		0								[]				
1569012309900627972	1569012309900627972	2022-09-11 13:17:40 EDT	2022-09-11	13:17:40	-0400	2528727363	thierry_warin	Thierry Warin		Ravis de revoir l‚Äô√©quipe @Arkea_Samsic et de se retrouver en plus au @GPCQM #Montreal !! Allez @WarrenBarguil et toute l‚Äô√©quipe!  https://t.co/H57Vv0epLT	fr	[{'screen_name': 'arkea_samsic', 'name': 'team ark√©a samsic', 'id': '1118832613'}, {'screen_name': 'gpcqm', 'name': 'gpcqm', 'id': '115087405'}, {'screen_name': 'warrenbarguil', 'name': 'barguil', 'id': '351113756'}]	[]	['https://pbs.twimg.com/media/FcZAX0_X0AEg8Uq.jpg', 'https://pbs.twimg.com/media/FcZAX0-XEAgLRjI.jpg', 'https://pbs.twimg.com/media/FcZAX09XwAAtnBp.jpg', 'https://pbs.twimg.com/media/FcZAX0_XoAEl38c.jpg']	0	1	11	['montreal']	[]	https://twitter.com/thierry_warin/status/1569012309900627972	False		1	https://pbs.twimg.com/media/FcZAX0_X0AEg8Uq.jpg							[]				
1564763409610166272	1564763409610166272	2022-08-30 19:54:03 EDT	2022-08-30	19:54:03	-0400	2528727363	thierry_warin	Thierry Warin		HEC Montr√©al d√©partement d‚ÄôAffaires internationales: nous recrutons un.e professeur.e.   Cliquez sur le lien.  The International Business department is hiring a professor.  Click below  #internationalbusiness #internationaldevelopm‚Ä¶ https://t.co/98xNB7NTF5  https://t.co/VhJoNYk9JT	fr	[]	['https://lnkd.in/d5aV9ep6', 'https://lnkd.in/dbFy_7k6']	[]	0	1	0	['internationalbusiness', 'internationaldevelopm']	[]	https://twitter.com/thierry_warin/status/1564763409610166272	False		0								[]				
1563559226290892800	1563559226290892800	2022-08-27 12:09:03 EDT	2022-08-27	12:09:03	-0400	2528727363	thierry_warin	Thierry Warin		Risques li√©s aux cha√Ænes d‚Äôapprovisionnement : r√©alit√© v√©cue et perceptions de la population du Qu√©bec  Publication #SERIE #PERSPECTIVE #CIRANO üëâ  https://t.co/PQ9T3mfQN9  #ChainesApprovisionnement #d√©fis #Covid19  #GuerreUkraine  #PopulationQu√©bec  #baro‚Ä¶ https://t.co/LZjwiaMj6j	fr	[]	['https://lnkd.in/e9Ncy_3Z', 'https://lnkd.in/ete9N6wZ']	[]	0	0	6	['serie', 'perspective', 'cirano', 'chainesapprovisionnement', 'd√©fis', 'covid19', 'guerreukraine', 'populationqu√©bec', 'baro']	[]	https://twitter.com/thierry_warin/status/1563559226290892800	False		0								[]				
1558821425443635201	1558821425443635201	2022-08-14 10:22:43 EDT	2022-08-14	10:22:43	-0400	2528727363	thierry_warin	Thierry Warin		To my students:  Quantum computing power + massive smart data (structured &amp; unstructured) + artificial intelligence + domain knowledge (i) = data science_i  https://t.co/iCLYdMzcfk	en	[]	['https://lnkd.in/ein9_Kaj']	[]	0	0	1	[]	[]	https://twitter.com/thierry_warin/status/1558821425443635201	False		0								[]				
1542563598047662080	1542563598047662080	2022-06-30 13:39:55 EDT	2022-06-30	13:39:55	-0400	2528727363	thierry_warin	Thierry Warin		Data Science for International Organizations:  The whole history of Twitter conversations of the World Health Organization to measure its engagement and reputation through the Covid era.  #datascience #covid #health #engagement #in‚Ä¶ https://t.co/CLOiE5uzKt  https://t.co/QMrSZMrkpE	en	[]	['https://lnkd.in/gV89CqUZ', 'https://lnkd.in/gEUGKn9t']	[]	0	1	2	['datascience', 'covid', 'health', 'engagement', 'in']	[]	https://twitter.com/thierry_warin/status/1542563598047662080	False		0								[]				
1538163801203146752	1538163801203146752	2022-06-18 10:16:42 EDT	2022-06-18	10:16:42	-0400	2528727363	thierry_warin	Thierry Warin		"""Multi-sided platforms and innovation: A competition law perspective"" with @fred_marty in Competition &amp; Change in open access  https://t.co/xJ0mFqMJp6 The integration of a complement in a digital ecosystem increases the rate of innovation but this positive‚Ä¶ https://t.co/gBttrqTWVu"	en	[{'screen_name': 'fred_marty', 'name': 'fr√©d√©ric marty', 'id': '220941557'}]	['https://lnkd.in/ekYW-bpg', 'https://lnkd.in/gS-Dbksu']	[]	0	0	1	[]	[]	https://twitter.com/thierry_warin/status/1538163801203146752	False		0								[]				
1537102471423635456	1537102471423635456	2022-06-15 11:59:21 EDT	2022-06-15	11:59:21	-0400	2528727363	thierry_warin	Thierry Warin		#who #oms #datascience #internationalorganizations #covid19pandemic #policymaking #reputation #health #engagement #covid   Warin, T. (2022). The World Health Organization in a Post-COVID-19 Era: An Exploration of Public Engagement‚Ä¶ https://t.co/Gu7wDBN5tv  https://t.co/Ltc8i7N6pQ	en	[]	['https://lnkd.in/gV8HFwn9', 'https://lnkd.in/g8fcb-Kj']	[]	0	0	0	['who', 'oms', 'datascience', 'internationalorganizations', 'covid19pandemic', 'policymaking', 'reputation', 'health', 'engagement', 'covid']	[]	https://twitter.com/thierry_warin/status/1537102471423635456	False		0								[]				
1534925783101083648	1534925783101083648	2022-06-09 11:49:58 EDT	2022-06-09	11:49:58	-0400	2528727363	thierry_warin	Thierry Warin		#france #√©conomie #r√©formes  https://t.co/Rb19VYTjXs	qme	[]	['https://lnkd.in/giq2qp98']	[]	0	0	0	['france', '√©conomie', 'r√©formes']	[]	https://twitter.com/thierry_warin/status/1534925783101083648	False		0								[]				
1534871851947552769	1534871851947552769	2022-06-09 08:15:40 EDT	2022-06-09	08:15:40	-0400	2528727363	thierry_warin	Thierry Warin		To my students: #datascience  https://t.co/jJZUrM8tTU	en	[]	['https://lnkd.in/gD45Didz']	[]	0	0	0	['datascience']	[]	https://twitter.com/thierry_warin/status/1534871851947552769	False		0								[]				
1529984431745912843	1529984431745912843	2022-05-26 20:34:48 EDT	2022-05-26	20:34:48	-0400	2528727363	thierry_warin	Thierry Warin		Join us for the International Trade and Finance Association‚Äôs annual academic conference (online with free attendance) today and tomorrow  Keynote speakers: Nicolas Veron Maia Linask @philipilevy Ana Maria Santacreu @Lucian_Cernat  #trade #finance   https://t.co/EVecIFuOVu	en	[{'screen_name': 'philipilevy', 'name': 'phil levy', 'id': '49518781'}, {'screen_name': 'lucian_cernat', 'name': 'lucian cernat', 'id': '234709437'}]	['https://events.zoom.us/ev/DHMWNU1lK1mxe1jzDAAAFgAAANpgQKrImn_-ESrdcsEuelTuDLiM62QfaV5Pi1Nuy7kWUWQQ44ZZ~ABoj5fun0y0zUmVOoTSGmISqPe_uyRXKMWUgrwY']	[]	0	0	1	['trade', 'finance']	[]	https://twitter.com/thierry_warin/status/1529984431745912843	False		0								[]				
1529983396147081216	1529983396147081216	2022-05-26 20:30:42 EDT	2022-05-26	20:30:42	-0400	2528727363	thierry_warin	Thierry Warin		¬´¬†How #AugmentedIntelligence is Bringing the Focus Back on the Human¬†¬ª by @ijablokov @pryon and Thierry Warin @HEC_Montreal @ObservatoireIA @CIRANOMTL in @CMR_UCBerkeley  https://t.co/dzOKEIAbc4	en	[{'screen_name': 'ijablokov', 'name': 'igor jablokov', 'id': '1168'}, {'screen_name': 'pryon', 'name': 'pryon', 'id': '826525982475550721'}, {'screen_name': 'hec_montreal', 'name': 'hec montr√©al', 'id': '14259974'}, {'screen_name': 'observatoireia', 'name': 'obvia', 'id': '1123668435437854720'}, {'screen_name': 'ciranomtl', 'name': 'cirano', 'id': '2396383328'}, {'screen_name': 'cmr_ucberkeley', 'name': 'cmr', 'id': '2617756723'}]	['https://cmr.berkeley.edu/2022/05/how-augmented-intelligence-is-bringing-the-focus-back-on-the-human/']	[]	0	4	8	['augmentedintelligence']	[]	https://twitter.com/thierry_warin/status/1529983396147081216	False		0								[]				
1529579365587353600	1529579365587353600	2022-05-25 17:45:13 EDT	2022-05-25	17:45:13	-0400	2528727363	thierry_warin	Thierry Warin		#ia #agriculture #transformationnum√©rique #sciencedesdonn√©es #plateformes  https://t.co/uOY2c8hLRK	qme	[]	['https://lnkd.in/giQjSF4i']	[]	0	0	0	['ia', 'agriculture', 'transformationnum√©rique', 'sciencedesdonn√©es', 'plateformes']	[]	https://twitter.com/thierry_warin/status/1529579365587353600	False		0								[]				
1529174822864883713	1529174822864883713	2022-05-24 14:57:43 EDT	2022-05-24	14:57:43	-0400	2528727363	thierry_warin	Thierry Warin		Ravi de pouvoir rencontrer les  https://t.co/LS1rVRmpHK.s √©l√®ves HEC Montr√©al √† la D√©l√©gation g√©n√©rale du Qu√©bec √† New York le 2 juin!  https://t.co/Gk2wchnAFr	fr	[]	['http://ancien.ne', 'https://lnkd.in/g9V_K4iX']	[]	0	0	0	[]	[]	https://twitter.com/thierry_warin/status/1529174822864883713	False		0								[]				
1527665871652388865	1527665871652388865	2022-05-20 11:01:41 EDT	2022-05-20	11:01:41	-0400	2528727363	thierry_warin	Thierry Warin		International Trade and Finance Association: A week away from the annual academic conference, online, with free attendance. Keynote speakers: Nicolas Veron Maia Linask @philipilevy Ana Maria Santacreu @Lucian_Cernat  #trade #finance  https://t.co/0ReiD9iDBq	en	[{'screen_name': 'philipilevy', 'name': 'phil levy', 'id': '49518781'}, {'screen_name': 'lucian_cernat', 'name': 'lucian cernat', 'id': '234709437'}]	['https://lnkd.in/gUE8T7MU']	[]	0	2	0	['trade', 'finance']	[]	https://twitter.com/thierry_warin/status/1527665871652388865	False		0								[]				
1520014496974405632	1520014496974405632	2022-04-29 08:17:51 EDT	2022-04-29	08:17:51	-0400	2528727363	thierry_warin	Thierry Warin		Webinar on #trade #tech #climatechange  The aim of this webinar series is to inform the debate on the role of trade and trade policies in mitigating greenhouse gas emissions and adapting to climate change. In this webinar, experts‚Ä¶ https://t.co/ShimAaExmq  https://t.co/yqBPdTlivE	en	[]	['https://lnkd.in/eueC26i7', 'https://lnkd.in/exPjc7rz']	[]	0	1	0	['trade', 'tech', 'climatechange']	[]	https://twitter.com/thierry_warin/status/1520014496974405632	False		0								[]				
1519690129073397762	1519690129073397762	2022-04-28 10:48:55 EDT	2022-04-28	10:48:55	-0400	2528727363	thierry_warin	Thierry Warin		Pour mes (ancien.nne.s) √©tudiant.e.s / for my current and past students Participez √† nos groupes de r√©flexion sur notre MSc en Affaires internationales. Merci pour votre aide! Please participate in our focus groups about our Intern‚Ä¶ https://t.co/fR5NFVA736  https://t.co/gPf4HCn0id	fr	[]	['https://lnkd.in/dAwAeTN8', 'https://lnkd.in/dqnDkPDK']	[]	0	0	0	[]	[]	https://twitter.com/thierry_warin/status/1519690129073397762	False		0								[]				
1514700995397406732	1514700995397406732	2022-04-14 16:23:53 EDT	2022-04-14	16:23:53	-0400	2528727363	thierry_warin	Thierry Warin		Pour mes √©tudiant.e.s: #francophonie #ameriques  https://t.co/n0TLiztNkj	fr	[]	['https://lnkd.in/eG5uyR8Z']	[]	0	0	0	['francophonie', 'ameriques']	[]	https://twitter.com/thierry_warin/status/1514700995397406732	False		0								[]				
1505222346503864320	1505222346503864320	2022-03-19 12:39:07 EDT	2022-03-19	12:39:07	-0400	2528727363	thierry_warin	Thierry Warin		International Trade and Finance Association Call for Papers Deadline March 31, 2022  Form here:  https://t.co/HvQc0ATkG1  #globaltrade #tradefinance #finance #datascience  https://t.co/oGLgtl2x0E	en	[]	['https://lnkd.in/guXEMqkY', 'https://lnkd.in/eiYxGvxh']	[]	0	0	0	['globaltrade', 'tradefinance', 'finance', 'datascience']	[]	https://twitter.com/thierry_warin/status/1505222346503864320	False		0								[]				
1503142336230043648	1503142336230043648	2022-03-13 18:53:54 EDT	2022-03-13	18:53:54	-0400	2528727363	thierry_warin	Thierry Warin		#society50  https://t.co/NWqq1fisQp	qme	[]	['https://lnkd.in/eSE4B-S6']	[]	0	0	3	['society50']	[]	https://twitter.com/thierry_warin/status/1503142336230043648	False		0								[]				
1502689881012776961	1502689881012776961	2022-03-12 11:56:00 EST	2022-03-12	11:56:00	-0400	2528727363	thierry_warin	Thierry Warin		ITFA's annual conference: deadline approaching!!! Special sessions for graduate students!  #digitaltrade #internationaltrade #internationalfinance #supplychains #freetradeagreements #datascience #nlp #textasdata  https://t.co/S02qGhEpCL	en	[]	['https://lnkd.in/eBKsp3u9']	[]	0	2	5	['digitaltrade', 'internationaltrade', 'internationalfinance', 'supplychains', 'freetradeagreements', 'datascience', 'nlp', 'textasdata']	[]	https://twitter.com/thierry_warin/status/1502689881012776961	False		0								[]				
1498286764674498560	1498286764674498560	2022-02-28 08:19:36 EST	2022-02-28	08:19:36	-0400	2528727363	thierry_warin	Thierry Warin		Deadline approaching!  #trade #internationalfinance #supplychainmanagement  https://t.co/xAD02C0lb5	en	[]	['https://lnkd.in/eiexVRH4']	[]	0	0	1	['trade', 'internationalfinance', 'supplychainmanagement']	[]	https://twitter.com/thierry_warin/status/1498286764674498560	False		0								[]				
1498284444184190978	1498284444184190978	2022-02-28 08:10:22 EST	2022-02-28	08:10:22	-0400	2528727363	thierry_warin	Thierry Warin		Interesting for NLP analysis of golf champion Tiger Woods' speeches with my co-author David Pastoriza  #nlp #datascience #sportsanalytics  https://t.co/b6hG6nvom0	en	[]	['https://lnkd.in/eFCvs7eP']	[]	0	0	0	['nlp', 'datascience', 'sportsanalytics']	[]	https://twitter.com/thierry_warin/status/1498284444184190978	False		0								[]				
